# ========================================
#     REDIRECCIONES PARA GITHUB PAGES
#     ========================================

# Redirecciones de páginas principales
/home /index.html 200
/main /index.html 200
/principal /index.html 200

# Redirecciones de productos
/products /productos.html 200
/shop /productos.html 200
/tienda /productos.html 200

# Redirecciones de secciones
/about /index.html#sobre 200
/contact /index.html#comentarios 200
/support /index.html#soporte 200
/legal /index.html#legal 200

# Redirecciones de archivos comunes
/favicon.ico /logo_wini.png 200
/robots.txt /robots.txt 200
/sitemap.xml /sitemap.xml 200

# Redirecciones de errores comunes
/404 /404.html 200
/error /404.html 200
/not-found /404.html 200

# Redirecciones de extensiones
/index /index.html 200
/productos /productos.html 200

# Redirecciones de mayúsculas/minúsculas
/Index /index.html 200
/Productos /productos.html 200
/INDEX /index.html 200
/PRODUCTOS /productos.html 200
